{
  "Records": [
    {
      "http": {
        "useragent": "stratus-red-team_f1164024-8d97-47fa-9632-26b218ce2737",
        "useragent_details": {
          "device": {
            "family": "Other",
            "category": "Other"
          },
          "os": {
            "family": "Other"
          },
          "browser": {
            "family": "Other"
          }
        },
        "request_id": "20ac75f2-86d7-4349-b94c-a9a1ed3f2899"
      },
      "network": {
        "ip": {
          "list": [
            "62.167.105.104"
          ]
        },
        "client": {
          "ip": "62.167.105.104",
          "geoip": {
            "ipAddress": "62.167.105.104"
          }
        }
      },
      "aws": {
        "s3": {
          "bucket": "datadog-cloudtrail-trail-neizxnek",
          "key": "AWSLogs/677301038893/CloudTrail/us-east-1/2022/07/20/677301038893_CloudTrail_us-east-1_20220720T2115Z_aLSDUJVcYNrq2mYa.json.gz"
        },
        "function_version": "$LATEST",
        "invoked_function_arn": "arn:aws:lambda:us-east-1:677301038893:function:datadog-tf-cloudtrail-forwarder"
      },
      "userIdentity": {
        "session_name": "christophe.tafanidereeper",
        "type": "AssumedRole",
        "assumed_role": "account-admin",
        "arn": "arn:aws:sts::677301038893:assumed-role/account-admin/christophe.tafanidereeper",
        "accountId": "677301038893",
        "sessionContext": {
          "sessionIssuer": {
            "userName": "account-admin",
            "type": "Role",
            "arn": "arn:aws:iam::677301038893:role/account-admin",
            "principalId": "AROAZ3MSJV4WQ33JPN6U4",
            "accountId": "677301038893"
          },
          "attributes": {
            "creationDate": "2022-07-20T20:52:37Z",
            "mfaAuthenticated": "true"
          }
        },
        "principalId": "AROAZ3MSJV4WQ33JPN6U4:christophe.tafanidereeper",
        "accessKeyId": "ASIAZ3MSJV4WY7WYVLEU"
      },
      "eventSource": "ec2.amazonaws.com",
      "evt": {
        "name": "ModifySnapshotAttribute"
      },
      "eventID": "b2d095cd-53f0-4873-b217-b08fda4951bf",
      "eventVersion": "1.08",
      "responseElements": {
        "_return": true,
        "requestId": "20ac75f2-86d7-4349-b94c-a9a1ed3f2899"
      },
      "requestParameters": {
        "snapshotId": "snap-00f54cf7277498559",
        "attributeType": "CREATE_VOLUME_PERMISSION",
        "createVolumePermission": {
          "add": {
            "items": [
              {
                "userId": "012345678912"
              }
            ]
          }
        }
      },
      "tlsDetails": {
        "cipherSuite": "ECDHE-RSA-AES128-GCM-SHA256",
        "tlsVersion": "TLSv1.2",
        "clientProvidedHostHeader": "ec2.us-east-1.amazonaws.com"
      },
      "eventType": "AwsApiCall",
      "eventCategory": "Management",
      "awsRegion": "us-east-1",
      "eventName": "ModifySnapshotAttribute",
      "readOnly": false,
      "eventTime": "2022-07-20T21:06:11Z",
      "managementEvent": true,
      "service": "cloudtrail",
      "recipientAccountId": "677301038893"
    }
  ]
}