{
  "Records": [
    {
      "aws": {
        "function_version": "$LATEST",
        "invoked_function_arn": "arn:aws:lambda:us-east-1:677301038893:function:datadog-tf-cloudtrail-forwarder",
        "s3": {
          "bucket": "datadog-cloudtrail-trail-neizxnek",
          "key": "AWSLogs/677301038893/CloudTrail/us-east-1/2022/07/20/677301038893_CloudTrail_us-east-1_20220720T2100Z_brwkiR6Y4j5b2wEb.json.gz"
        }
      },
      "awsRegion": "us-east-1",
      "eventCategory": "Management",
      "eventID": "57d3eacd-ff87-48f7-b133-a5e9da5d1395",
      "eventName": "GetSecretValue",
      "eventSource": "secretsmanager.amazonaws.com",
      "eventTime": "2022-07-20T20:57:15Z",
      "eventType": "AwsApiCall",
      "eventVersion": "1.08",
      "evt": {
        "name": "GetSecretValue"
      },
      "http": {
        "request_id": "c9dbd309-9d49-466a-bbe6-8c16e748e32e",
        "useragent": "stratus-red-team_05dbb79c-68f8-436e-ad26-ef7b3eaf9f94",
        "useragent_details": {
          "browser": {
            "family": "Other"
          },
          "device": {
            "category": "Other",
            "family": "Other"
          },
          "os": {
            "family": "Other"
          }
        }
      },
      "managementEvent": true,
      "network": {
        "client": {
          "geoip": {
            "ipAddress": "62.167.105.104"
          },
          "ip": "62.167.105.104"
        },
        "ip": {
          "list": [
            "62.167.105.104"
          ]
        }
      },
      "readOnly": true,
      "recipientAccountId": "677301038893",
      "requestParameters": {
        "secretId": "arn:aws:secretsmanager:us-east-1:677301038893:secret:stratus-red-team-secret-4-q5OiUT"
      },
      "service": "cloudtrail",
      "tlsDetails": {
        "cipherSuite": "ECDHE-RSA-AES128-GCM-SHA256",
        "clientProvidedHostHeader": "secretsmanager.us-east-1.amazonaws.com",
        "tlsVersion": "TLSv1.2"
      },
      "userIdentity": {
        "accessKeyId": "ASIAZ3MSJV4WY7WYVLEU",
        "accountId": "677301038893",
        "arn": "arn:aws:sts::677301038893:assumed-role/account-admin/christophe.tafanidereeper",
        "assumed_role": "account-admin",
        "principalId": "AROAZ3MSJV4WQ33JPN6U4:christophe.tafanidereeper",
        "sessionContext": {
          "attributes": {
            "creationDate": "2022-07-20T20:52:37Z",
            "mfaAuthenticated": "true"
          },
          "sessionIssuer": {
            "accountId": "677301038893",
            "arn": "arn:aws:iam::677301038893:role/account-admin",
            "principalId": "AROAZ3MSJV4WQ33JPN6U4",
            "type": "Role",
            "userName": "account-admin"
          }
        },
        "session_name": "christophe.tafanidereeper",
        "type": "AssumedRole"
      }
    },
    {
      "aws": {
        "function_version": "$LATEST",
        "invoked_function_arn": "arn:aws:lambda:us-east-1:677301038893:function:datadog-tf-cloudtrail-forwarder",
        "s3": {
          "bucket": "datadog-cloudtrail-trail-neizxnek",
          "key": "AWSLogs/677301038893/CloudTrail/us-east-1/2022/07/20/677301038893_CloudTrail_us-east-1_20220720T2100Z_brwkiR6Y4j5b2wEb.json.gz"
        }
      },
      "awsRegion": "us-east-1",
      "eventCategory": "Management",
      "eventID": "a71e35e5-3aa8-4d4d-80a1-b56d857a6d41",
      "eventName": "GetSecretValue",
      "eventSource": "secretsmanager.amazonaws.com",
      "eventTime": "2022-07-20T20:57:15Z",
      "eventType": "AwsApiCall",
      "eventVersion": "1.08",
      "evt": {
        "name": "GetSecretValue"
      },
      "http": {
        "request_id": "6ba59f04-c013-4c61-9530-5c8659ca0d7f",
        "useragent": "stratus-red-team_05dbb79c-68f8-436e-ad26-ef7b3eaf9f94",
        "useragent_details": {
          "browser": {
            "family": "Other"
          },
          "device": {
            "category": "Other",
            "family": "Other"
          },
          "os": {
            "family": "Other"
          }
        }
      },
      "managementEvent": true,
      "network": {
        "client": {
          "geoip": {
            "ipAddress": "62.167.105.104"
          },
          "ip": "62.167.105.104"
        },
        "ip": {
          "list": [
            "62.167.105.104"
          ]
        }
      },
      "readOnly": true,
      "recipientAccountId": "677301038893",
      "requestParameters": {
        "secretId": "arn:aws:secretsmanager:us-east-1:677301038893:secret:stratus-red-team-secret-0-vh3uoY"
      },
      "service": "cloudtrail",
      "tlsDetails": {
        "cipherSuite": "ECDHE-RSA-AES128-GCM-SHA256",
        "clientProvidedHostHeader": "secretsmanager.us-east-1.amazonaws.com",
        "tlsVersion": "TLSv1.2"
      },
      "userIdentity": {
        "accessKeyId": "ASIAZ3MSJV4WY7WYVLEU",
        "accountId": "677301038893",
        "arn": "arn:aws:sts::677301038893:assumed-role/account-admin/christophe.tafanidereeper",
        "assumed_role": "account-admin",
        "principalId": "AROAZ3MSJV4WQ33JPN6U4:christophe.tafanidereeper",
        "sessionContext": {
          "attributes": {
            "creationDate": "2022-07-20T20:52:37Z",
            "mfaAuthenticated": "true"
          },
          "sessionIssuer": {
            "accountId": "677301038893",
            "arn": "arn:aws:iam::677301038893:role/account-admin",
            "principalId": "AROAZ3MSJV4WQ33JPN6U4",
            "type": "Role",
            "userName": "account-admin"
          }
        },
        "session_name": "christophe.tafanidereeper",
        "type": "AssumedRole"
      }
    },
    {
      "aws": {
        "function_version": "$LATEST",
        "invoked_function_arn": "arn:aws:lambda:us-east-1:677301038893:function:datadog-tf-cloudtrail-forwarder",
        "s3": {
          "bucket": "datadog-cloudtrail-trail-neizxnek",
          "key": "AWSLogs/677301038893/CloudTrail/us-east-1/2022/07/20/677301038893_CloudTrail_us-east-1_20220720T2100Z_brwkiR6Y4j5b2wEb.json.gz"
        }
      },
      "awsRegion": "us-east-1",
      "eventCategory": "Management",
      "eventID": "1e440f58-eebb-4869-a044-d6be8a6c0ed8",
      "eventName": "GetSecretValue",
      "eventSource": "secretsmanager.amazonaws.com",
      "eventTime": "2022-07-20T20:57:16Z",
      "eventType": "AwsApiCall",
      "eventVersion": "1.08",
      "evt": {
        "name": "GetSecretValue"
      },
      "http": {
        "request_id": "8d3c491a-411c-4bbc-b85c-e92625986cba",
        "useragent": "stratus-red-team_05dbb79c-68f8-436e-ad26-ef7b3eaf9f94",
        "useragent_details": {
          "browser": {
            "family": "Other"
          },
          "device": {
            "category": "Other",
            "family": "Other"
          },
          "os": {
            "family": "Other"
          }
        }
      },
      "managementEvent": true,
      "network": {
        "client": {
          "geoip": {
            "ipAddress": "62.167.105.104"
          },
          "ip": "62.167.105.104"
        },
        "ip": {
          "list": [
            "62.167.105.104"
          ]
        }
      },
      "readOnly": true,
      "recipientAccountId": "677301038893",
      "requestParameters": {
        "secretId": "arn:aws:secretsmanager:us-east-1:677301038893:secret:stratus-red-team-secret-7-LqL8O1"
      },
      "service": "cloudtrail",
      "tlsDetails": {
        "cipherSuite": "ECDHE-RSA-AES128-GCM-SHA256",
        "clientProvidedHostHeader": "secretsmanager.us-east-1.amazonaws.com",
        "tlsVersion": "TLSv1.2"
      },
      "userIdentity": {
        "accessKeyId": "ASIAZ3MSJV4WY7WYVLEU",
        "accountId": "677301038893",
        "arn": "arn:aws:sts::677301038893:assumed-role/account-admin/christophe.tafanidereeper",
        "assumed_role": "account-admin",
        "principalId": "AROAZ3MSJV4WQ33JPN6U4:christophe.tafanidereeper",
        "sessionContext": {
          "attributes": {
            "creationDate": "2022-07-20T20:52:37Z",
            "mfaAuthenticated": "true"
          },
          "sessionIssuer": {
            "accountId": "677301038893",
            "arn": "arn:aws:iam::677301038893:role/account-admin",
            "principalId": "AROAZ3MSJV4WQ33JPN6U4",
            "type": "Role",
            "userName": "account-admin"
          }
        },
        "session_name": "christophe.tafanidereeper",
        "type": "AssumedRole"
      }
    },
    {
      "aws": {
        "function_version": "$LATEST",
        "invoked_function_arn": "arn:aws:lambda:us-east-1:677301038893:function:datadog-tf-cloudtrail-forwarder",
        "s3": {
          "bucket": "datadog-cloudtrail-trail-neizxnek",
          "key": "AWSLogs/677301038893/CloudTrail/us-east-1/2022/07/20/677301038893_CloudTrail_us-east-1_20220720T2100Z_brwkiR6Y4j5b2wEb.json.gz"
        }
      },
      "awsRegion": "us-east-1",
      "eventCategory": "Management",
      "eventID": "03d60830-9d30-420d-aa20-c761a0ecadda",
      "eventName": "GetSecretValue",
      "eventSource": "secretsmanager.amazonaws.com",
      "eventTime": "2022-07-20T20:57:16Z",
      "eventType": "AwsApiCall",
      "eventVersion": "1.08",
      "evt": {
        "name": "GetSecretValue"
      },
      "http": {
        "request_id": "739e095f-197d-4a2c-85d0-c4195b8524f4",
        "useragent": "stratus-red-team_05dbb79c-68f8-436e-ad26-ef7b3eaf9f94",
        "useragent_details": {
          "browser": {
            "family": "Other"
          },
          "device": {
            "category": "Other",
            "family": "Other"
          },
          "os": {
            "family": "Other"
          }
        }
      },
      "managementEvent": true,
      "network": {
        "client": {
          "geoip": {
            "ipAddress": "62.167.105.104"
          },
          "ip": "62.167.105.104"
        },
        "ip": {
          "list": [
            "62.167.105.104"
          ]
        }
      },
      "readOnly": true,
      "recipientAccountId": "677301038893",
      "requestParameters": {
        "secretId": "arn:aws:secretsmanager:us-east-1:677301038893:secret:stratus-red-team-secret-2-Eu7Lv2"
      },
      "service": "cloudtrail",
      "tlsDetails": {
        "cipherSuite": "ECDHE-RSA-AES128-GCM-SHA256",
        "clientProvidedHostHeader": "secretsmanager.us-east-1.amazonaws.com",
        "tlsVersion": "TLSv1.2"
      },
      "userIdentity": {
        "accessKeyId": "ASIAZ3MSJV4WY7WYVLEU",
        "accountId": "677301038893",
        "arn": "arn:aws:sts::677301038893:assumed-role/account-admin/christophe.tafanidereeper",
        "assumed_role": "account-admin",
        "principalId": "AROAZ3MSJV4WQ33JPN6U4:christophe.tafanidereeper",
        "sessionContext": {
          "attributes": {
            "creationDate": "2022-07-20T20:52:37Z",
            "mfaAuthenticated": "true"
          },
          "sessionIssuer": {
            "accountId": "677301038893",
            "arn": "arn:aws:iam::677301038893:role/account-admin",
            "principalId": "AROAZ3MSJV4WQ33JPN6U4",
            "type": "Role",
            "userName": "account-admin"
          }
        },
        "session_name": "christophe.tafanidereeper",
        "type": "AssumedRole"
      }
    },
    {
      "aws": {
        "function_version": "$LATEST",
        "invoked_function_arn": "arn:aws:lambda:us-east-1:677301038893:function:datadog-tf-cloudtrail-forwarder",
        "s3": {
          "bucket": "datadog-cloudtrail-trail-neizxnek",
          "key": "AWSLogs/677301038893/CloudTrail/us-east-1/2022/07/20/677301038893_CloudTrail_us-east-1_20220720T2100Z_brwkiR6Y4j5b2wEb.json.gz"
        }
      },
      "awsRegion": "us-east-1",
      "eventCategory": "Management",
      "eventID": "87ef3b04-deb1-484f-a683-9d7f880a52a9",
      "eventName": "GetSecretValue",
      "eventSource": "secretsmanager.amazonaws.com",
      "eventTime": "2022-07-20T20:57:16Z",
      "eventType": "AwsApiCall",
      "eventVersion": "1.08",
      "evt": {
        "name": "GetSecretValue"
      },
      "http": {
        "request_id": "a1f433f0-fd7f-46ff-8825-899cfb29de76",
        "useragent": "stratus-red-team_05dbb79c-68f8-436e-ad26-ef7b3eaf9f94",
        "useragent_details": {
          "browser": {
            "family": "Other"
          },
          "device": {
            "category": "Other",
            "family": "Other"
          },
          "os": {
            "family": "Other"
          }
        }
      },
      "managementEvent": true,
      "network": {
        "client": {
          "geoip": {
            "ipAddress": "62.167.105.104"
          },
          "ip": "62.167.105.104"
        },
        "ip": {
          "list": [
            "62.167.105.104"
          ]
        }
      },
      "readOnly": true,
      "recipientAccountId": "677301038893",
      "requestParameters": {
        "secretId": "arn:aws:secretsmanager:us-east-1:677301038893:secret:stratus-red-team-secret-8-hueip4"
      },
      "service": "cloudtrail",
      "tlsDetails": {
        "cipherSuite": "ECDHE-RSA-AES128-GCM-SHA256",
        "clientProvidedHostHeader": "secretsmanager.us-east-1.amazonaws.com",
        "tlsVersion": "TLSv1.2"
      },
      "userIdentity": {
        "accessKeyId": "ASIAZ3MSJV4WY7WYVLEU",
        "accountId": "677301038893",
        "arn": "arn:aws:sts::677301038893:assumed-role/account-admin/christophe.tafanidereeper",
        "assumed_role": "account-admin",
        "principalId": "AROAZ3MSJV4WQ33JPN6U4:christophe.tafanidereeper",
        "sessionContext": {
          "attributes": {
            "creationDate": "2022-07-20T20:52:37Z",
            "mfaAuthenticated": "true"
          },
          "sessionIssuer": {
            "accountId": "677301038893",
            "arn": "arn:aws:iam::677301038893:role/account-admin",
            "principalId": "AROAZ3MSJV4WQ33JPN6U4",
            "type": "Role",
            "userName": "account-admin"
          }
        },
        "session_name": "christophe.tafanidereeper",
        "type": "AssumedRole"
      }
    },
    {
      "aws": {
        "function_version": "$LATEST",
        "invoked_function_arn": "arn:aws:lambda:us-east-1:677301038893:function:datadog-tf-cloudtrail-forwarder",
        "s3": {
          "bucket": "datadog-cloudtrail-trail-neizxnek",
          "key": "AWSLogs/677301038893/CloudTrail/us-east-1/2022/07/20/677301038893_CloudTrail_us-east-1_20220720T2100Z_brwkiR6Y4j5b2wEb.json.gz"
        }
      },
      "awsRegion": "us-east-1",
      "eventCategory": "Management",
      "eventID": "8d2885c9-ac6e-4f31-aa37-0d7c83c96819",
      "eventName": "GetSecretValue",
      "eventSource": "secretsmanager.amazonaws.com",
      "eventTime": "2022-07-20T20:57:16Z",
      "eventType": "AwsApiCall",
      "eventVersion": "1.08",
      "evt": {
        "name": "GetSecretValue"
      },
      "http": {
        "request_id": "0be1f092-c594-490e-baba-66bcb87e39a0",
        "useragent": "stratus-red-team_05dbb79c-68f8-436e-ad26-ef7b3eaf9f94",
        "useragent_details": {
          "browser": {
            "family": "Other"
          },
          "device": {
            "category": "Other",
            "family": "Other"
          },
          "os": {
            "family": "Other"
          }
        }
      },
      "managementEvent": true,
      "network": {
        "client": {
          "geoip": {
            "ipAddress": "62.167.105.104"
          },
          "ip": "62.167.105.104"
        },
        "ip": {
          "list": [
            "62.167.105.104"
          ]
        }
      },
      "readOnly": true,
      "recipientAccountId": "677301038893",
      "requestParameters": {
        "secretId": "arn:aws:secretsmanager:us-east-1:677301038893:secret:stratus-red-team-secret-11-oMRCqL"
      },
      "service": "cloudtrail",
      "tlsDetails": {
        "cipherSuite": "ECDHE-RSA-AES128-GCM-SHA256",
        "clientProvidedHostHeader": "secretsmanager.us-east-1.amazonaws.com",
        "tlsVersion": "TLSv1.2"
      },
      "userIdentity": {
        "accessKeyId": "ASIAZ3MSJV4WY7WYVLEU",
        "accountId": "677301038893",
        "arn": "arn:aws:sts::677301038893:assumed-role/account-admin/christophe.tafanidereeper",
        "assumed_role": "account-admin",
        "principalId": "AROAZ3MSJV4WQ33JPN6U4:christophe.tafanidereeper",
        "sessionContext": {
          "attributes": {
            "creationDate": "2022-07-20T20:52:37Z",
            "mfaAuthenticated": "true"
          },
          "sessionIssuer": {
            "accountId": "677301038893",
            "arn": "arn:aws:iam::677301038893:role/account-admin",
            "principalId": "AROAZ3MSJV4WQ33JPN6U4",
            "type": "Role",
            "userName": "account-admin"
          }
        },
        "session_name": "christophe.tafanidereeper",
        "type": "AssumedRole"
      }
    },
    {
      "aws": {
        "function_version": "$LATEST",
        "invoked_function_arn": "arn:aws:lambda:us-east-1:677301038893:function:datadog-tf-cloudtrail-forwarder",
        "s3": {
          "bucket": "datadog-cloudtrail-trail-neizxnek",
          "key": "AWSLogs/677301038893/CloudTrail/us-east-1/2022/07/20/677301038893_CloudTrail_us-east-1_20220720T2100Z_brwkiR6Y4j5b2wEb.json.gz"
        }
      },
      "awsRegion": "us-east-1",
      "eventCategory": "Management",
      "eventID": "ede1476a-c213-4462-bfff-08e1c7ca0e40",
      "eventName": "GetSecretValue",
      "eventSource": "secretsmanager.amazonaws.com",
      "eventTime": "2022-07-20T20:57:16Z",
      "eventType": "AwsApiCall",
      "eventVersion": "1.08",
      "evt": {
        "name": "GetSecretValue"
      },
      "http": {
        "request_id": "f54a5409-e596-48e9-9777-6351288dc59a",
        "useragent": "stratus-red-team_05dbb79c-68f8-436e-ad26-ef7b3eaf9f94",
        "useragent_details": {
          "browser": {
            "family": "Other"
          },
          "device": {
            "category": "Other",
            "family": "Other"
          },
          "os": {
            "family": "Other"
          }
        }
      },
      "managementEvent": true,
      "network": {
        "client": {
          "geoip": {
            "ipAddress": "62.167.105.104"
          },
          "ip": "62.167.105.104"
        },
        "ip": {
          "list": [
            "62.167.105.104"
          ]
        }
      },
      "readOnly": true,
      "recipientAccountId": "677301038893",
      "requestParameters": {
        "secretId": "arn:aws:secretsmanager:us-east-1:677301038893:secret:stratus-red-team-secret-18-CIJyJb"
      },
      "service": "cloudtrail",
      "tlsDetails": {
        "cipherSuite": "ECDHE-RSA-AES128-GCM-SHA256",
        "clientProvidedHostHeader": "secretsmanager.us-east-1.amazonaws.com",
        "tlsVersion": "TLSv1.2"
      },
      "userIdentity": {
        "accessKeyId": "ASIAZ3MSJV4WY7WYVLEU",
        "accountId": "677301038893",
        "arn": "arn:aws:sts::677301038893:assumed-role/account-admin/christophe.tafanidereeper",
        "assumed_role": "account-admin",
        "principalId": "AROAZ3MSJV4WQ33JPN6U4:christophe.tafanidereeper",
        "sessionContext": {
          "attributes": {
            "creationDate": "2022-07-20T20:52:37Z",
            "mfaAuthenticated": "true"
          },
          "sessionIssuer": {
            "accountId": "677301038893",
            "arn": "arn:aws:iam::677301038893:role/account-admin",
            "principalId": "AROAZ3MSJV4WQ33JPN6U4",
            "type": "Role",
            "userName": "account-admin"
          }
        },
        "session_name": "christophe.tafanidereeper",
        "type": "AssumedRole"
      }
    },
    {
      "aws": {
        "function_version": "$LATEST",
        "invoked_function_arn": "arn:aws:lambda:us-east-1:677301038893:function:datadog-tf-cloudtrail-forwarder",
        "s3": {
          "bucket": "datadog-cloudtrail-trail-neizxnek",
          "key": "AWSLogs/677301038893/CloudTrail/us-east-1/2022/07/20/677301038893_CloudTrail_us-east-1_20220720T2100Z_brwkiR6Y4j5b2wEb.json.gz"
        }
      },
      "awsRegion": "us-east-1",
      "eventCategory": "Management",
      "eventID": "a193eeb6-cc7a-4398-a64e-f7ef197d9210",
      "eventName": "GetSecretValue",
      "eventSource": "secretsmanager.amazonaws.com",
      "eventTime": "2022-07-20T20:57:17Z",
      "eventType": "AwsApiCall",
      "eventVersion": "1.08",
      "evt": {
        "name": "GetSecretValue"
      },
      "http": {
        "request_id": "ea2d5be5-153f-4f6a-8fa6-908b9c030f75",
        "useragent": "stratus-red-team_05dbb79c-68f8-436e-ad26-ef7b3eaf9f94",
        "useragent_details": {
          "browser": {
            "family": "Other"
          },
          "device": {
            "category": "Other",
            "family": "Other"
          },
          "os": {
            "family": "Other"
          }
        }
      },
      "managementEvent": true,
      "network": {
        "client": {
          "geoip": {
            "ipAddress": "62.167.105.104"
          },
          "ip": "62.167.105.104"
        },
        "ip": {
          "list": [
            "62.167.105.104"
          ]
        }
      },
      "readOnly": true,
      "recipientAccountId": "677301038893",
      "requestParameters": {
        "secretId": "arn:aws:secretsmanager:us-east-1:677301038893:secret:stratus-red-team-secret-1-OMybbH"
      },
      "service": "cloudtrail",
      "tlsDetails": {
        "cipherSuite": "ECDHE-RSA-AES128-GCM-SHA256",
        "clientProvidedHostHeader": "secretsmanager.us-east-1.amazonaws.com",
        "tlsVersion": "TLSv1.2"
      },
      "userIdentity": {
        "accessKeyId": "ASIAZ3MSJV4WY7WYVLEU",
        "accountId": "677301038893",
        "arn": "arn:aws:sts::677301038893:assumed-role/account-admin/christophe.tafanidereeper",
        "assumed_role": "account-admin",
        "principalId": "AROAZ3MSJV4WQ33JPN6U4:christophe.tafanidereeper",
        "sessionContext": {
          "attributes": {
            "creationDate": "2022-07-20T20:52:37Z",
            "mfaAuthenticated": "true"
          },
          "sessionIssuer": {
            "accountId": "677301038893",
            "arn": "arn:aws:iam::677301038893:role/account-admin",
            "principalId": "AROAZ3MSJV4WQ33JPN6U4",
            "type": "Role",
            "userName": "account-admin"
          }
        },
        "session_name": "christophe.tafanidereeper",
        "type": "AssumedRole"
      }
    },
    {
      "aws": {
        "function_version": "$LATEST",
        "invoked_function_arn": "arn:aws:lambda:us-east-1:677301038893:function:datadog-tf-cloudtrail-forwarder",
        "s3": {
          "bucket": "datadog-cloudtrail-trail-neizxnek",
          "key": "AWSLogs/677301038893/CloudTrail/us-east-1/2022/07/20/677301038893_CloudTrail_us-east-1_20220720T2100Z_brwkiR6Y4j5b2wEb.json.gz"
        }
      },
      "awsRegion": "us-east-1",
      "eventCategory": "Management",
      "eventID": "11fcb753-c8a6-4a8b-925b-23337a289650",
      "eventName": "GetSecretValue",
      "eventSource": "secretsmanager.amazonaws.com",
      "eventTime": "2022-07-20T20:57:17Z",
      "eventType": "AwsApiCall",
      "eventVersion": "1.08",
      "evt": {
        "name": "GetSecretValue"
      },
      "http": {
        "request_id": "eafb8b4a-424f-489c-8fea-43b05b1309b1",
        "useragent": "stratus-red-team_05dbb79c-68f8-436e-ad26-ef7b3eaf9f94",
        "useragent_details": {
          "browser": {
            "family": "Other"
          },
          "device": {
            "category": "Other",
            "family": "Other"
          },
          "os": {
            "family": "Other"
          }
        }
      },
      "managementEvent": true,
      "network": {
        "client": {
          "geoip": {
            "ipAddress": "62.167.105.104"
          },
          "ip": "62.167.105.104"
        },
        "ip": {
          "list": [
            "62.167.105.104"
          ]
        }
      },
      "readOnly": true,
      "recipientAccountId": "677301038893",
      "requestParameters": {
        "secretId": "arn:aws:secretsmanager:us-east-1:677301038893:secret:stratus-red-team-secret-14-yKj6nG"
      },
      "service": "cloudtrail",
      "tlsDetails": {
        "cipherSuite": "ECDHE-RSA-AES128-GCM-SHA256",
        "clientProvidedHostHeader": "secretsmanager.us-east-1.amazonaws.com",
        "tlsVersion": "TLSv1.2"
      },
      "userIdentity": {
        "accessKeyId": "ASIAZ3MSJV4WY7WYVLEU",
        "accountId": "677301038893",
        "arn": "arn:aws:sts::677301038893:assumed-role/account-admin/christophe.tafanidereeper",
        "assumed_role": "account-admin",
        "principalId": "AROAZ3MSJV4WQ33JPN6U4:christophe.tafanidereeper",
        "sessionContext": {
          "attributes": {
            "creationDate": "2022-07-20T20:52:37Z",
            "mfaAuthenticated": "true"
          },
          "sessionIssuer": {
            "accountId": "677301038893",
            "arn": "arn:aws:iam::677301038893:role/account-admin",
            "principalId": "AROAZ3MSJV4WQ33JPN6U4",
            "type": "Role",
            "userName": "account-admin"
          }
        },
        "session_name": "christophe.tafanidereeper",
        "type": "AssumedRole"
      }
    },
    {
      "aws": {
        "function_version": "$LATEST",
        "invoked_function_arn": "arn:aws:lambda:us-east-1:677301038893:function:datadog-tf-cloudtrail-forwarder",
        "s3": {
          "bucket": "datadog-cloudtrail-trail-neizxnek",
          "key": "AWSLogs/677301038893/CloudTrail/us-east-1/2022/07/20/677301038893_CloudTrail_us-east-1_20220720T2100Z_brwkiR6Y4j5b2wEb.json.gz"
        }
      },
      "awsRegion": "us-east-1",
      "eventCategory": "Management",
      "eventID": "262eb42a-3320-4514-8f47-416cb98fff93",
      "eventName": "GetSecretValue",
      "eventSource": "secretsmanager.amazonaws.com",
      "eventTime": "2022-07-20T20:57:17Z",
      "eventType": "AwsApiCall",
      "eventVersion": "1.08",
      "evt": {
        "name": "GetSecretValue"
      },
      "http": {
        "request_id": "0d07e711-37c7-4748-9fdc-30cfabd16532",
        "useragent": "stratus-red-team_05dbb79c-68f8-436e-ad26-ef7b3eaf9f94",
        "useragent_details": {
          "browser": {
            "family": "Other"
          },
          "device": {
            "category": "Other",
            "family": "Other"
          },
          "os": {
            "family": "Other"
          }
        }
      },
      "managementEvent": true,
      "network": {
        "client": {
          "geoip": {
            "ipAddress": "62.167.105.104"
          },
          "ip": "62.167.105.104"
        },
        "ip": {
          "list": [
            "62.167.105.104"
          ]
        }
      },
      "readOnly": true,
      "recipientAccountId": "677301038893",
      "requestParameters": {
        "secretId": "arn:aws:secretsmanager:us-east-1:677301038893:secret:stratus-red-team-secret-19-ZMvpIG"
      },
      "service": "cloudtrail",
      "tlsDetails": {
        "cipherSuite": "ECDHE-RSA-AES128-GCM-SHA256",
        "clientProvidedHostHeader": "secretsmanager.us-east-1.amazonaws.com",
        "tlsVersion": "TLSv1.2"
      },
      "userIdentity": {
        "accessKeyId": "ASIAZ3MSJV4WY7WYVLEU",
        "accountId": "677301038893",
        "arn": "arn:aws:sts::677301038893:assumed-role/account-admin/christophe.tafanidereeper",
        "assumed_role": "account-admin",
        "principalId": "AROAZ3MSJV4WQ33JPN6U4:christophe.tafanidereeper",
        "sessionContext": {
          "attributes": {
            "creationDate": "2022-07-20T20:52:37Z",
            "mfaAuthenticated": "true"
          },
          "sessionIssuer": {
            "accountId": "677301038893",
            "arn": "arn:aws:iam::677301038893:role/account-admin",
            "principalId": "AROAZ3MSJV4WQ33JPN6U4",
            "type": "Role",
            "userName": "account-admin"
          }
        },
        "session_name": "christophe.tafanidereeper",
        "type": "AssumedRole"
      }
    }
  ]
}