{
  "Records": [
    {
      "aws": {
        "function_version": "$LATEST",
        "invoked_function_arn": "arn:aws:lambda:us-east-1:677301038893:function:datadog-tf-cloudtrail-forwarder",
        "s3": {
          "bucket": "datadog-cloudtrail-trail-neizxnek",
          "key": "AWSLogs/677301038893/CloudTrail/us-east-1/2022/07/20/677301038893_CloudTrail_us-east-1_20220720T2055Z_bKEClmebTDFnAir3.json.gz"
        }
      },
      "awsRegion": "us-east-1",
      "eventCategory": "Management",
      "eventID": "9335e411-4cb7-4617-9c00-12012a9c3eac",
      "eventName": "DeleteTrail",
      "eventSource": "cloudtrail.amazonaws.com",
      "eventTime": "2022-07-20T20:53:54Z",
      "eventType": "AwsApiCall",
      "eventVersion": "1.08",
      "evt": {
        "name": "DeleteTrail"
      },
      "http": {
        "request_id": "a0450a0b-c50f-44d8-8b65-9be2f4b83058",
        "useragent": "stratus-red-team_40d78cfa-a3da-48c3-9936-71c75ce30eab",
        "useragent_details": {
          "browser": {
            "family": "Other"
          },
          "device": {
            "category": "Other",
            "family": "Other"
          },
          "os": {
            "family": "Other"
          }
        }
      },
      "managementEvent": true,
      "network": {
        "client": {
          "geoip": {
            "ipAddress": "62.167.105.104"
          },
          "ip": "62.167.105.104"
        },
        "ip": {
          "list": [
            "62.167.105.104"
          ]
        }
      },
      "readOnly": false,
      "recipientAccountId": "677301038893",
      "requestParameters": {
        "name": "my-cloudtrail-trail-2"
      },
      "service": "cloudtrail",
      "tlsDetails": {
        "cipherSuite": "ECDHE-RSA-AES128-GCM-SHA256",
        "clientProvidedHostHeader": "cloudtrail.us-east-1.amazonaws.com",
        "tlsVersion": "TLSv1.2"
      },
      "userIdentity": {
        "accessKeyId": "ASIAZ3MSJV4W3HFKBOMH",
        "accountId": "677301038893",
        "arn": "arn:aws:sts::677301038893:assumed-role/account-admin/christophe.tafanidereeper",
        "assumed_role": "account-admin",
        "principalId": "AROAZ3MSJV4WQ33JPN6U4:christophe.tafanidereeper",
        "sessionContext": {
          "attributes": {
            "creationDate": "2022-07-20T20:53:03Z",
            "mfaAuthenticated": "true"
          },
          "sessionIssuer": {
            "accountId": "677301038893",
            "arn": "arn:aws:iam::677301038893:role/account-admin",
            "principalId": "AROAZ3MSJV4WQ33JPN6U4",
            "type": "Role",
            "userName": "account-admin"
          }
        },
        "session_name": "christophe.tafanidereeper",
        "type": "AssumedRole"
      }
    }
  ]
}