{
  "Records": [
    {
      "http": {
        "useragent": "stratus-red-team_a88d8803-6dbc-404c-848b-010d3284bd73",
        "useragent_details": {
          "device": {
            "family": "Other",
            "category": "Other"
          },
          "os": {
            "family": "Other"
          },
          "browser": {
            "family": "Other"
          }
        },
        "request_id": "68375b79-5f4a-4202-b1ea-ddf049c1d396"
      },
      "network": {
        "ip": {
          "list": [
            "62.167.105.104"
          ]
        },
        "client": {
          "ip": "62.167.105.104",
          "geoip": {
            "ipAddress": "62.167.105.104"
          }
        }
      },
      "aws": {
        "s3": {
          "bucket": "datadog-cloudtrail-trail-neizxnek",
          "key": "AWSLogs/677301038893/CloudTrail/us-east-1/2022/07/20/677301038893_CloudTrail_us-east-1_20220720T2105Z_JqHqLrZvPApKmvPh.json.gz"
        },
        "function_version": "$LATEST",
        "invoked_function_arn": "arn:aws:lambda:us-east-1:677301038893:function:datadog-tf-cloudtrail-forwarder"
      },
      "userIdentity": {
        "session_name": "christophe.tafanidereeper",
        "type": "AssumedRole",
        "assumed_role": "account-admin",
        "arn": "arn:aws:sts::677301038893:assumed-role/account-admin/christophe.tafanidereeper",
        "accountId": "677301038893",
        "sessionContext": {
          "sessionIssuer": {
            "userName": "account-admin",
            "type": "Role",
            "arn": "arn:aws:iam::677301038893:role/account-admin",
            "principalId": "AROAZ3MSJV4WQ33JPN6U4",
            "accountId": "677301038893"
          },
          "attributes": {
            "creationDate": "2022-07-20T20:54:14Z",
            "mfaAuthenticated": "true"
          }
        },
        "principalId": "AROAZ3MSJV4WQ33JPN6U4:christophe.tafanidereeper",
        "accessKeyId": "ASIAZ3MSJV4WRUQMZ2VP"
      },
      "eventSource": "ec2.amazonaws.com",
      "evt": {
        "name": "StopInstances"
      },
      "eventID": "81f9856b-3acd-4d3f-bd34-01741e978037",
      "eventVersion": "1.08",
      "responseElements": {
        "instancesSet": {
          "items": [
            {
              "instanceId": "i-0b09e9dad625e2b5b",
              "currentState": {
                "code": 64,
                "name": "stopping"
              },
              "previousState": {
                "code": 16,
                "name": "running"
              }
            }
          ]
        },
        "requestId": "68375b79-5f4a-4202-b1ea-ddf049c1d396"
      },
      "requestParameters": {
        "force": true,
        "instancesSet": {
          "items": [
            {
              "instanceId": "i-0b09e9dad625e2b5b"
            }
          ]
        }
      },
      "tlsDetails": {
        "cipherSuite": "ECDHE-RSA-AES128-GCM-SHA256",
        "tlsVersion": "TLSv1.2",
        "clientProvidedHostHeader": "ec2.us-east-1.amazonaws.com"
      },
      "eventType": "AwsApiCall",
      "eventCategory": "Management",
      "awsRegion": "us-east-1",
      "eventName": "StopInstances",
      "readOnly": false,
      "eventTime": "2022-07-20T21:00:00Z",
      "managementEvent": true,
      "service": "cloudtrail",
      "recipientAccountId": "677301038893"
    }
{
      "http": {
        "useragent": "stratus-red-team_a88d8803-6dbc-404c-848b-010d3284bd73",
        "useragent_details": {
          "device": {
            "family": "Other",
            "category": "Other"
          },
          "os": {
            "family": "Other"
          },
          "browser": {
            "family": "Other"
          }
        },
        "request_id": "e59ec63f-aa8d-4eb0-819d-fb20cc23fadb"
      },
      "network": {
        "ip": {
          "list": [
            "62.167.105.104"
          ]
        },
        "client": {
          "ip": "62.167.105.104",
          "geoip": {
            "ipAddress": "62.167.105.104"
          }
        }
      },
      "aws": {
        "s3": {
          "bucket": "datadog-cloudtrail-trail-neizxnek",
          "key": "AWSLogs/677301038893/CloudTrail/us-east-1/2022/07/20/677301038893_CloudTrail_us-east-1_20220720T2105Z_JqHqLrZvPApKmvPh.json.gz"
        },
        "function_version": "$LATEST",
        "invoked_function_arn": "arn:aws:lambda:us-east-1:677301038893:function:datadog-tf-cloudtrail-forwarder"
      },
      "userIdentity": {
        "session_name": "christophe.tafanidereeper",
        "type": "AssumedRole",
        "assumed_role": "account-admin",
        "arn": "arn:aws:sts::677301038893:assumed-role/account-admin/christophe.tafanidereeper",
        "accountId": "677301038893",
        "sessionContext": {
          "sessionIssuer": {
            "userName": "account-admin",
            "type": "Role",
            "arn": "arn:aws:iam::677301038893:role/account-admin",
            "principalId": "AROAZ3MSJV4WQ33JPN6U4",
            "accountId": "677301038893"
          },
          "attributes": {
            "creationDate": "2022-07-20T20:54:14Z",
            "mfaAuthenticated": "true"
          }
        },
        "principalId": "AROAZ3MSJV4WQ33JPN6U4:christophe.tafanidereeper",
        "accessKeyId": "ASIAZ3MSJV4WRUQMZ2VP"
      },
      "eventSource": "ec2.amazonaws.com",
      "evt": {
        "name": "ModifyInstanceAttribute"
      },
      "eventID": "2b65f71b-7195-43d1-864a-04660df50243",
      "eventVersion": "1.08",
      "responseElements": {
        "_return": true,
        "requestId": "e59ec63f-aa8d-4eb0-819d-fb20cc23fadb"
      },
      "requestParameters": {
        "instanceId": "i-0b09e9dad625e2b5b",
        "userData": "<sensitiveDataRemoved>"
      },
      "tlsDetails": {
        "cipherSuite": "ECDHE-RSA-AES128-GCM-SHA256",
        "tlsVersion": "TLSv1.2",
        "clientProvidedHostHeader": "ec2.us-east-1.amazonaws.com"
      },
      "eventType": "AwsApiCall",
      "eventCategory": "Management",
      "awsRegion": "us-east-1",
      "eventName": "ModifyInstanceAttribute",
      "readOnly": false,
      "eventTime": "2022-07-20T21:00:38Z",
      "managementEvent": true,
      "service": "cloudtrail",
      "recipientAccountId": "677301038893"
    }
{
      "http": {
        "useragent": "stratus-red-team_a88d8803-6dbc-404c-848b-010d3284bd73",
        "useragent_details": {
          "device": {
            "family": "Other",
            "category": "Other"
          },
          "os": {
            "family": "Other"
          },
          "browser": {
            "family": "Other"
          }
        },
        "request_id": "dd271dbe-8ea9-4a1e-9b40-58a1ab3128c8"
      },
      "network": {
        "ip": {
          "list": [
            "62.167.105.104"
          ]
        },
        "client": {
          "ip": "62.167.105.104",
          "geoip": {
            "ipAddress": "62.167.105.104"
          }
        }
      },
      "aws": {
        "s3": {
          "bucket": "datadog-cloudtrail-trail-neizxnek",
          "key": "AWSLogs/677301038893/CloudTrail/us-east-1/2022/07/20/677301038893_CloudTrail_us-east-1_20220720T2110Z_4MMvf98Epljqm8kJ.json.gz"
        },
        "function_version": "$LATEST",
        "invoked_function_arn": "arn:aws:lambda:us-east-1:677301038893:function:datadog-tf-cloudtrail-forwarder"
      },
      "userIdentity": {
        "session_name": "christophe.tafanidereeper",
        "type": "AssumedRole",
        "assumed_role": "account-admin",
        "arn": "arn:aws:sts::677301038893:assumed-role/account-admin/christophe.tafanidereeper",
        "accountId": "677301038893",
        "sessionContext": {
          "sessionIssuer": {
            "userName": "account-admin",
            "type": "Role",
            "arn": "arn:aws:iam::677301038893:role/account-admin",
            "principalId": "AROAZ3MSJV4WQ33JPN6U4",
            "accountId": "677301038893"
          },
          "attributes": {
            "creationDate": "2022-07-20T20:54:14Z",
            "mfaAuthenticated": "true"
          }
        },
        "principalId": "AROAZ3MSJV4WQ33JPN6U4:christophe.tafanidereeper",
        "accessKeyId": "ASIAZ3MSJV4WRUQMZ2VP"
      },
      "eventSource": "ec2.amazonaws.com",
      "evt": {
        "name": "StartInstances"
      },
      "eventID": "1ab02136-2a0e-43a9-b458-5b92eaf36f07",
      "eventVersion": "1.08",
      "responseElements": {
        "instancesSet": {
          "items": [
            {
              "instanceId": "i-0b09e9dad625e2b5b",
              "currentState": {
                "code": 0,
                "name": "pending"
              },
              "previousState": {
                "code": 80,
                "name": "stopped"
              }
            }
          ]
        },
        "requestId": "dd271dbe-8ea9-4a1e-9b40-58a1ab3128c8"
      },
      "requestParameters": {
        "instancesSet": {
          "items": [
            {
              "instanceId": "i-0b09e9dad625e2b5b"
            }
          ]
        }
      },
      "tlsDetails": {
        "cipherSuite": "ECDHE-RSA-AES128-GCM-SHA256",
        "tlsVersion": "TLSv1.2",
        "clientProvidedHostHeader": "ec2.us-east-1.amazonaws.com"
      },
      "eventType": "AwsApiCall",
      "eventCategory": "Management",
      "awsRegion": "us-east-1",
      "eventName": "StartInstances",
      "readOnly": false,
      "eventTime": "2022-07-20T21:00:39Z",
      "managementEvent": true,
      "service": "cloudtrail",
      "recipientAccountId": "677301038893"
    }
  ]
}